Mapa,Algoritmo,Tasa_Supervivencia_%,Media_Turnos,Std_Turnos,Min_Turnos,Max_Turnos,Iteraciones_Fallidas,Tiempo_Exec_Sec
Mapa 1,BFS (No Informada),100.0,126.93,1.22,124,130,0,460.98
Mapa 1,DFS (No Informada),0.0,nan,nan,nan,nan,0,654.44
Mapa 1,GBFS (Informada),100.0,135.8,2.61,129,142,0,81.7
Mapa 1,A* (Informada),100.0,128.95,2.24,123,134,0,1223.08
Mapa 1,GA (Algoritmo Genético),4.5,154.77,15.37,117,186,0,1541.58
Mapa 2,BFS (No Informada),37.5,120.08,14.46,106,161,0,261.21
Mapa 2,DFS (No Informada),0.0,nan,nan,nan,nan,0,84.28
Mapa 2,GBFS (Informada),49.75,152.66,3.51,144,167,0,76.43
Mapa 2,A* (Informada),39.38,157.41,3.51,152,163,0,614.02
Mapa 2,GA (Algoritmo Genético),0.0,nan,nan,nan,nan,0,1986.95
Mapa 3,BFS (No Informada),97.97,160.19,3.32,152,164,0,95.09
Mapa 3,DFS (No Informada),0.0,nan,nan,nan,nan,0,184.95
Mapa 3,GBFS (Informada),45.88,161.62,2.52,151,164,0,103.45
Mapa 3,A* (Informada),75.88,161.7,3.44,142,164,0,736.14
Mapa 3,GA (Algoritmo Genético),0.0,nan,nan,nan,nan,0,2972.86
